{
    "Insertion Sort": 5.221359500079416,
    "Quick Sort": 1.000974699971266,
    "Busqueda Lineal": 0.0002688000677153468,
    "Busqueda Binaria": 0.0001666999887675047
}